Workbook

Sheet Assumptions
A1: Project Name | B1: Fixed Fee Engagement – Litigation Case
A2: Project Inputs
A3: Fixed Fee | B3: 1500000
A4: Estimated Hours | B4: 180
A5: Cost per Hour | B5: 4000
A6: Target Margin % | B6: 0.25
A8: Resource Cost Inputs
A9: Partner Cost per Hour | B9: 8000
A10: Senior Cost per Hour | B10: 5000
A11: Junior Cost per Hour | B11: 3000
A12: Resource Mix
A13: Partner % | B13: 0.5
A14: Senior % | B14: 0.3
A15: Junior % | B15: 0.2
A17: Weighted Avg Cost per Hour | B17: =(B9*B13)+(B10*B14)+(B11*B15) -> 6100

Sheet Base_Calculation
A2: Fixed Fee | B2: =Assumptions!B3 -> 1500000
A3: Estimated Hours | B3: =Assumptions!B4 -> 180
A4: Cost per Hour | B4: =Assumptions!B17 -> 6100
A6: Total Cost | B6: =B3 * B4 -> 1098000
A7: Expected Profit | B7: =B2 - B6 -> 402000
A8: Expected Margin | B8: =B7 / B2 -> 0.268
A9: Break-even Hours | B9: =B2 / B4 -> 245.90164

Sheet Risk_Analysis
A2: Hours | B2: Total Cost | C2: Profit | D2: Margin | E2: Status
A3: 180 | B3: =A3 * Assumptions!B17 -> 1098000 | C3: =Assumptions!B3 - B3 -> 402000 | D3: =C3 / Assumptions!B3 -> 0.268 | E3: =IF(D3>=Assumptions!B6,"Above Target", IF(C3>0,"Below Target","Loss")) -> Above Target
A4: 190 | B4: =A4 * Assumptions!B17 -> 1159000 | C4: =Assumptions!B3 - B4 -> 341000 | D4: =C4 / Assumptions!B3 -> 0.22733333 | E4: =IF(D4>=Assumptions!B6,"Above Target", IF(C4>0,"Below Target","Loss")) -> Below Target
A5: 200 | B5: =A5 * Assumptions!B17 -> 1220000 | C5: =Assumptions!B3 - B5 -> 280000 | D5: =C5 / Assumptions!B3 -> 0.18666667 | E5: =IF(D5>=Assumptions!B6,"Above Target", IF(C5>0,"Below Target","Loss")) -> Below Target
A6: 220 | B6: =A6 * Assumptions!B17 -> 1342000 | C6: =Assumptions!B3 - B6 -> 158000 | D6: =C6 / Assumptions!B3 -> 0.10533333 | E6: =IF(D6>=Assumptions!B6,"Above Target", IF(C6>0,"Below Target","Loss")) -> Below Target
A7: 240 | B7: =A7 * Assumptions!B17 -> 1464000 | C7: =Assumptions!B3 - B7 -> 36000 | D7: =C7 / Assumptions!B3 -> 0.024 | E7: =IF(D7>=Assumptions!B6,"Above Target", IF(C7>0,"Below Target","Loss")) -> Below Target
A8: 260 | B8: =A8 * Assumptions!B17 -> 1586000 | C8: =Assumptions!B3 - B8 -> -86000 | D8: =C8 / Assumptions!B3 -> -0.057333333 | E8: =IF(D8>=Assumptions!B6,"Above Target", IF(C8>0,"Below Target","Loss")) -> Loss
A9: 280 | B9: =A9 * Assumptions!B17 -> 1708000 | C9: =Assumptions!B3 - B9 -> -208000 | D9: =C9 / Assumptions!B3 -> -0.13866667 | E9: =IF(D9>=Assumptions!B6,"Above Target", IF(C9>0,"Below Target","Loss")) -> Loss
